CREATE TABLE buyer_location_types (
    buyer_location_type_id INT NOT NULL PRIMARY KEY,
    name TEXT NOT NULL CHECK (name != '')
);

INSERT INTO
    buyer_location_types
VALUES
    (1, 'LegalEntity'),
    (2, 'DockSalesperson'),
    (3, 'Trader'),
    (4, 'Vessel'),
    (5, 'Vehicle'),
    (6, 'OrdinaryFacility'),
    (7, 'NetPen');

INSERT INTO
    delivery_point_sources
VALUES
    (4, 'Buyer Register');

CREATE TABLE buyer_locations (
    buyer_location_id BIGINT NOT NULL PRIMARY KEY,
    delivery_point_id TEXT REFERENCES delivery_point_ids (delivery_point_id),
    parent BIGINT REFERENCES buyer_locations (buyer_location_id),
    location_type INT NOT NULL REFERENCES buyer_location_types (buyer_location_type_id),
    legal_entity_id TEXT CHECK (legal_entity_id != ''),
    main_legal_entity_id TEXT CHECK (main_legal_entity_id != ''),
    parent_legal_entity_id TEXT CHECK (parent_legal_entity_id != ''),
    name TEXT CHECK (name != ''),
    created TIMESTAMP NOT NULL,
    updated TIMESTAMP NOT NULL,
    address TEXT CHECK (address != ''),
    postal_code INT,
    municipality_number INT,
    country_code TEXT REFERENCES nation_ids (nation_id),
    postal_address TEXT CHECK (postal_address != ''),
    postal_postal_code INT,
    postal_municipality_number INT,
    postal_country_code TEXT REFERENCES nation_ids (nation_id),
    latitude DOUBLE PRECISION,
    longitude DOUBLE PRECISION,
    delivery_point_source_id INT NOT NULL DEFAULT (4) REFERENCES delivery_point_sources (delivery_point_source_id) CHECK (delivery_point_source_id = 4)
);

CREATE INDEX ON buyer_locations (delivery_point_id);

CREATE TABLE buyer_locations_mapping (
    delivery_point_id TEXT NOT NULL UNIQUE REFERENCES delivery_point_ids (delivery_point_id),
    buyer_location_id BIGINT NOT NULL UNIQUE REFERENCES buyer_locations (buyer_location_id),
    is_manual BOOLEAN NOT NULL DEFAULT FALSE
);

INSERT INTO
    delivery_point_ids (delivery_point_id)
VALUES
    ('A240'),
    ('F242'),
    ('F261'),
    ('H81'),
    ('M158'),
    ('M212'),
    ('M2153'),
    ('M325'),
    ('M359'),
    ('M36'),
    ('M94'),
    ('N1084'),
    ('N1098'),
    ('N1310'),
    ('N2309'),
    ('N2347'),
    ('N680'),
    ('N717'),
    ('N994'),
    ('NT171'),
    ('R107'),
    ('R88'),
    ('R960'),
    ('SF189'),
    ('SF225'),
    ('SF920'),
    ('ST343'),
    ('ST460'),
    ('ST490'),
    ('ST72'),
    ('ST845'),
    ('T1079'),
    ('TF26'),
    ('TL25'),
    ('TL42'),
    ('VF242'),
    ('VI16'),
    ('SF104'),
    ('f2419'),
    ('N288'),
    ('2091'),
    ('M666'),
    ('F2415'),
    ('M2158'),
    ('M2186'),
    ('M360'),
    ('M89'),
    ('N1001'),
    ('N1003'),
    ('N1113'),
    ('N1412'),
    ('N2186'),
    ('N2285'),
    ('R150'),
    ('TF79'),
    ('N991')
ON CONFLICT DO NOTHING;

INSERT INTO
    buyer_locations (
        buyer_location_id,
        delivery_point_id,
        parent,
        location_type,
        legal_entity_id,
        main_legal_entity_id,
        parent_legal_entity_id,
        "name",
        created,
        updated,
        address,
        postal_code,
        municipality_number,
        country_code,
        postal_address,
        postal_postal_code,
        postal_municipality_number,
        postal_country_code,
        latitude,
        longitude,
        delivery_point_source_id
    )
VALUES
    (
        200010015,
        'N288',
        NULL,
        1,
        '991927921',
        '812716042',
        '812716042',
        'NAPP SJØMAT AS',
        TO_TIMESTAMP(0),
        TO_TIMESTAMP(0),
        NULL,
        8382,
        1859,
        'NOR',
        NULL,
        NULL,
        NULL,
        NULL,
        68.1311995609,
        13.4298921129,
        4
    ),
    (
        200010361,
        'SF225',
        NULL,
        1,
        '911761785',
        '911724197',
        '911724197',
        'GLOBAL FLORØ AS',
        TO_TIMESTAMP(0),
        TO_TIMESTAMP(0),
        'Kyllervegen 4',
        6906,
        4602,
        'NOR',
        NULL,
        NULL,
        NULL,
        NULL,
        61.5855954836,
        4.9992030859,
        4
    ),
    (
        200010528,
        'M158',
        NULL,
        1,
        '971715979',
        '913200586',
        '913200586',
        'JOHNSEN EDWARD AS',
        TO_TIMESTAMP(0),
        TO_TIMESTAMP(0),
        NULL,
        6530,
        1554,
        'NOR',
        'Reksundveien 133',
        6533,
        1554,
        'NOR',
        63.066073669,
        7.5023587636,
        4
    ),
    (
        200010668,
        '2091',
        NULL,
        1,
        '914247802',
        '914243882',
        '914243882',
        'LONGVAGRUPPEN AS',
        TO_TIMESTAMP(0),
        TO_TIMESTAMP(0),
        'Gangstøvikvegen 70',
        6009,
        1508,
        'NOR',
        'Postboks 5090 Larsgården',
        6021,
        1508,
        'NOR',
        NULL,
        NULL,
        4
    ),
    (
        200010759,
        'ST343',
        NULL,
        1,
        '974079682',
        '914843316',
        '914843316',
        'HITRAMAT AS',
        TO_TIMESTAMP(0),
        TO_TIMESTAMP(0),
        'Knarrlagsundveien 325',
        7241,
        5056,
        'NOR',
        NULL,
        NULL,
        NULL,
        NULL,
        63.6507637457,
        9.0268465803,
        4
    ),
    (
        200010874,
        'R88',
        NULL,
        1,
        '971768762',
        '916003765',
        '916003765',
        'SKUDE FRYSERI AS',
        TO_TIMESTAMP(0),
        TO_TIMESTAMP(0),
        'Kaigata 102',
        4280,
        1149,
        'NOR',
        'Postboks 50',
        4297,
        1149,
        'NOR',
        59.146137,
        5.2681261,
        4
    ),
    (
        200011286,
        'M212',
        NULL,
        1,
        '971766832',
        '930344370',
        '930344370',
        'O SKARSBØ AS',
        TO_TIMESTAMP(0),
        TO_TIMESTAMP(0),
        'Håsundvegen 81',
        6430,
        1579,
        'NOR',
        NULL,
        NULL,
        NULL,
        NULL,
        62.8932803588,
        6.9568812835,
        4
    ),
    (
        200011344,
        'N994',
        NULL,
        1,
        '972002224',
        '934696379',
        '934696379',
        'BRØDRENE J T B OLSEN AS',
        TO_TIMESTAMP(0),
        TO_TIMESTAMP(0),
        NULL,
        8193,
        1836,
        'NOR',
        'Postboks 13',
        8193,
        1836,
        'NOR',
        66.662073,
        13.0701177,
        4
    ),
    (
        200011401,
        'M359',
        NULL,
        1,
        '971783583',
        '936801978',
        '936801978',
        'SEVRIN TRANVÅG AS',
        TO_TIMESTAMP(0),
        TO_TIMESTAMP(0),
        'Tranvågen 6',
        6035,
        1531,
        'NOR',
        NULL,
        NULL,
        NULL,
        NULL,
        62.4379876735,
        6.28068355,
        4
    ),
    (
        200011559,
        'M325',
        NULL,
        1,
        '886102232',
        '943704430',
        '943704430',
        'MARINE SALES AS',
        TO_TIMESTAMP(0),
        TO_TIMESTAMP(0),
        'Grimmergata 5',
        6002,
        1508,
        'NOR',
        'Postboks 383',
        6001,
        1508,
        'NOR',
        62.4630639118,
        6.1220076332,
        4
    ),
    (
        200011716,
        'ST490',
        NULL,
        1,
        '872238182',
        '950650141',
        '950650141',
        'FROAN FORRETNINGSDRIFT AS',
        TO_TIMESTAMP(0),
        TO_TIMESTAMP(0),
        NULL,
        7286,
        5014,
        'NOR',
        NULL,
        NULL,
        NULL,
        NULL,
        63.9782576848,
        9.0882727062,
        4
    ),
    (
        200011799,
        'ST72',
        NULL,
        1,
        '982640970',
        '953532476',
        '953532476',
        'VÅGEN AQUA AS',
        TO_TIMESTAMP(0),
        TO_TIMESTAMP(0),
        'Einarsdal havn 11',
        7194,
        5058,
        'NOR',
        NULL,
        NULL,
        NULL,
        NULL,
        64.1781793689,
        10.3548571564,
        4
    ),
    (
        200012375,
        'R107',
        NULL,
        1,
        '978001092',
        '969085356',
        '969085356',
        'HARESTAD TOR BERNHARD',
        TO_TIMESTAMP(0),
        TO_TIMESTAMP(0),
        'Bruveien 230',
        4158,
        1103,
        'NOR',
        NULL,
        NULL,
        NULL,
        NULL,
        59.037405,
        5.665135,
        4
    ),
    (
        200012953,
        'ST460',
        NULL,
        1,
        '979628536',
        '979615310',
        '979615310',
        'SEASHELL AS',
        TO_TIMESTAMP(0),
        TO_TIMESTAMP(0),
        NULL,
        7273,
        5014,
        'NOR',
        NULL,
        NULL,
        NULL,
        NULL,
        63.7992333127,
        8.6790376768,
        4
    ),
    (
        200013092,
        'N1310',
        NULL,
        1,
        '986688269',
        '981679032',
        '981679032',
        'JIM LORENTZEN',
        TO_TIMESTAMP(0),
        TO_TIMESTAMP(0),
        'Vikran 11',
        8198,
        1834,
        'NOR',
        NULL,
        NULL,
        NULL,
        NULL,
        66.57188,
        12.62446,
        4
    ),
    (
        200013357,
        'H81',
        NULL,
        1,
        '984375514',
        '984366779',
        '984366779',
        'BRANDASUND FISKEMOTTAK AS',
        TO_TIMESTAMP(0),
        TO_TIMESTAMP(0),
        'Kvarven',
        5423,
        4613,
        'NOR',
        NULL,
        NULL,
        NULL,
        NULL,
        59.8920997226,
        5.0947300291,
        4
    ),
    (
        200013498,
        'M94',
        NULL,
        1,
        '885796532',
        '985779988',
        '985779988',
        'ATLANTIC DAWN SEAFOODS AS',
        TO_TIMESTAMP(0),
        TO_TIMESTAMP(0),
        'Vikan industriområde 96',
        6570,
        1573,
        'NOR',
        NULL,
        NULL,
        NULL,
        NULL,
        63.3762093323,
        8.2048594923,
        4
    ),
    (
        200013696,
        'SF189',
        NULL,
        1,
        '971953357',
        '989094823',
        '989094823',
        'PELAGIA KALVÅG',
        TO_TIMESTAMP(0),
        TO_TIMESTAMP(0),
        'Kalvøyna 10',
        6729,
        4648,
        'NOR',
        NULL,
        NULL,
        NULL,
        NULL,
        61.7652509636,
        4.8801575567,
        4
    ),
    (
        200013712,
        'SF104',
        NULL,
        1,
        '972231606',
        '989094823',
        '989094823',
        'PELAGIA MÅLØY',
        TO_TIMESTAMP(0),
        TO_TIMESTAMP(0),
        'Ulvesundvegen 85',
        6718,
        4602,
        'NOR',
        'Postboks 444',
        5805,
        4601,
        'NOR',
        61.9377311847,
        5.1355359885,
        4
    ),
    (
        200013803,
        'N1084',
        NULL,
        1,
        '989576232',
        '989557548',
        '989557548',
        'DØNNA FISKEMOTTAK AS',
        TO_TIMESTAMP(0),
        TO_TIMESTAMP(0),
        'Hølaveien 48',
        8820,
        1827,
        'NOR',
        NULL,
        NULL,
        NULL,
        NULL,
        66.084991,
        12.44836,
        4
    ),
    (
        200013928,
        'N1098',
        NULL,
        1,
        '990424004',
        '990406987',
        '990406987',
        'SELØY FISK AS',
        TO_TIMESTAMP(0),
        TO_TIMESTAMP(0),
        'Flatøyveien 12',
        8850,
        1818,
        'NOR',
        NULL,
        NULL,
        NULL,
        NULL,
        66.026173,
        12.2443285,
        4
    ),
    (
        200014561,
        'N717',
        NULL,
        1,
        '996723526',
        '996712702',
        '996712702',
        'SAGA FISK AS',
        TO_TIMESTAMP(0),
        TO_TIMESTAMP(0),
        'H. Chr. Størmers gate 22',
        8300,
        1865,
        'NOR',
        'Postboks 24',
        8301,
        1865,
        'NOR',
        68.2396981717,
        14.5740072665,
        4
    ),
    (
        200014900,
        'R150',
        NULL,
        1,
        '971679832',
        '989094823',
        '989094823',
        'PELAGIA EGERSUND SILDOLJEFABRIKK',
        TO_TIMESTAMP(0),
        TO_TIMESTAMP(0),
        'Åsaneveien 103',
        4373,
        1101,
        'NOR',
        'Postboks 444',
        5805,
        4601,
        'NOR',
        58.4423,
        5.98456,
        4
    ),
    (
        200024917,
        'N2309',
        NULL,
        1,
        '876232332',
        '989531360',
        '989531360',
        'VEGA DELIKATESSER AS',
        TO_TIMESTAMP(0),
        TO_TIMESTAMP(0),
        'Igerøy',
        8986,
        1815,
        'NOR',
        'Igerøyveien 174',
        8986,
        1815,
        'NOR',
        65.68026,
        12.13029,
        4
    ),
    (
        200026136,
        'M2153',
        NULL,
        1,
        '995486725',
        '995476436',
        '995476436',
        'KORALHAV AS',
        TO_TIMESTAMP(0),
        TO_TIMESTAMP(0),
        'Strandgata 64',
        6270,
        1580,
        'NOR',
        'Postboks 128',
        6282,
        1580,
        'NOR',
        NULL,
        NULL,
        4
    ),
    (
        200027266,
        'T1079',
        NULL,
        1,
        '985811008',
        '917686440',
        '917686440',
        'KARLS FISK & SKALLDYR AS',
        TO_TIMESTAMP(0),
        TO_TIMESTAMP(0),
        'Tønsvikvegen 518',
        9023,
        5501,
        'NOR',
        'Postboks 5792 Tromsdalen',
        9287,
        5501,
        'NOR',
        69.7286577,
        19.09825,
        4
    ),
    (
        200027969,
        'TF26',
        NULL,
        1,
        '987792175',
        '925098108',
        '925098108',
        'SJØLAND AS',
        TO_TIMESTAMP(0),
        TO_TIMESTAMP(0),
        'Håndverkervegen 12',
        9018,
        5501,
        'NOR',
        NULL,
        NULL,
        NULL,
        NULL,
        69.6774,
        18.9056,
        4
    ),
    (
        200029015,
        'M36',
        NULL,
        1,
        '971838329',
        '920767443',
        '920767443',
        'RAMOEN AS',
        TO_TIMESTAMP(0),
        TO_TIMESTAMP(0),
        'Ystenesgata 6B',
        6003,
        1508,
        'NOR',
        NULL,
        NULL,
        NULL,
        NULL,
        NULL,
        NULL,
        4
    ),
    (
        200029973,
        'M666',
        NULL,
        1,
        '973635352',
        '956455235',
        '956455235',
        'URVAAG AS',
        TO_TIMESTAMP(0),
        TO_TIMESTAMP(0),
        'Tollåsbakken 2',
        6090,
        1515,
        'NOR',
        'Postboks 23',
        6099,
        1515,
        'NOR',
        NULL,
        NULL,
        4
    ),
    (
        200031599,
        'M360',
        NULL,
        1,
        '974859815',
        '972410705',
        '972410705',
        'SOL-BAC EXPORT AS',
        TO_TIMESTAMP(0),
        TO_TIMESTAMP(0),
        'Jørgplassen 2',
        6009,
        1508,
        'NOR',
        'Postboks 5100 Larsgården',
        6021,
        1508,
        'NOR',
        62.4967,
        6.36,
        4
    ),
    (
        200032357,
        'NT171',
        NULL,
        1,
        '884084652',
        '984029586',
        '984029586',
        'RØRVIK FISK AS',
        TO_TIMESTAMP(0),
        TO_TIMESTAMP(0),
        'Fryseriet',
        7900,
        5060,
        'NOR',
        'Postboks 213',
        7901,
        5060,
        'NOR',
        64.8589,
        11.2364,
        4
    ),
    (
        200044386,
        'N2186',
        NULL,
        6,
        NULL,
        '914843316',
        '974079682',
        NULL,
        TO_TIMESTAMP(0),
        TO_TIMESTAMP(0),
        'Biskopholmen',
        8909,
        1813,
        'NOR',
        NULL,
        NULL,
        NULL,
        NULL,
        65.4649,
        12.1917,
        4
    ),
    (
        200048551,
        'A240',
        NULL,
        1,
        '914075890',
        '913903889',
        '913903889',
        'NORWAY KING CRAB HUB AS',
        TO_TIMESTAMP(0),
        TO_TIMESTAMP(0),
        'Industrivegen 27',
        2166,
        3228,
        'NOR',
        NULL,
        NULL,
        NULL,
        NULL,
        60.19043,
        11.5458,
        4
    ),
    (
        200050144,
        'SF920',
        NULL,
        1,
        '819907722',
        '919834013',
        '919834013',
        'BULANDET FISKEMOTTAK AS',
        TO_TIMESTAMP(0),
        TO_TIMESTAMP(0),
        'Nikøy',
        6987,
        4645,
        'NOR',
        NULL,
        NULL,
        NULL,
        NULL,
        61.2862,
        4.6329,
        4
    ),
    (
        200056323,
        'R960',
        NULL,
        1,
        '999292666',
        '999282237',
        '999282237',
        'KARMSUND MARITIME KVITSØY AS',
        TO_TIMESTAMP(0),
        TO_TIMESTAMP(0),
        NULL,
        4180,
        1144,
        'NOR',
        'Austre Karmøyveg 76',
        4250,
        1149,
        'NOR',
        59.0586,
        5.41787,
        4
    ),
    (
        200059087,
        'N2347',
        NULL,
        1,
        '925227390',
        '925211745',
        '925211745',
        'BRIMO FISKEFOREDLING AS',
        TO_TIMESTAMP(0),
        TO_TIMESTAMP(0),
        'Foreveien 135',
        8146,
        1837,
        'NOR',
        NULL,
        NULL,
        NULL,
        NULL,
        66.908967,
        13.604718,
        4
    ),
    (
        200059905,
        'TL25',
        NULL,
        1,
        '820424832',
        '920397603',
        '920397603',
        'KRIFO FISK OG FISKMAT AS',
        TO_TIMESTAMP(0),
        TO_TIMESTAMP(0),
        'Roan havn 37',
        7180,
        5058,
        'NOR',
        NULL,
        NULL,
        NULL,
        NULL,
        64.176979,
        10.21406,
        4
    ),
    (
        200060879,
        'M2186',
        NULL,
        6,
        NULL,
        '998989248',
        '998996899',
        NULL,
        TO_TIMESTAMP(0),
        TO_TIMESTAMP(0),
        'Sjøvikanlegget, Sjøvikveien 55',
        6475,
        1506,
        'NOR',
        NULL,
        NULL,
        NULL,
        NULL,
        62.6921,
        6.6399,
        4
    ),
    (
        200065670,
        'F261',
        NULL,
        1,
        '928648052',
        '957008526',
        '957008526',
        'LYDER FISK MEHAMN',
        TO_TIMESTAMP(0),
        TO_TIMESTAMP(0),
        'Værveien 23',
        9770,
        5626,
        'NOR',
        'Postboks 1064 Fuglenes',
        9616,
        5603,
        'NOR',
        71.0407235,
        27.8453756,
        4
    ),
    (
        200066207,
        'ST845',
        NULL,
        1,
        '980513475',
        '997420470',
        '997420470',
        'DOMSTEIN SJØMAT AS AVD TRONDHEIM LADE',
        TO_TIMESTAMP(0),
        TO_TIMESTAMP(0),
        'Pir I 7',
        7010,
        5001,
        'NOR',
        'Jogstadveien 25',
        2007,
        3205,
        'NOR',
        63.4331,
        10.3628,
        4
    ),
    (
        200069144,
        'N1003',
        NULL,
        6,
        NULL,
        '919212942',
        '929720261',
        NULL,
        TO_TIMESTAMP(0),
        TO_TIMESTAMP(0),
        'Angellbruket',
        8198,
        1836,
        'NOR',
        NULL,
        NULL,
        NULL,
        NULL,
        66.592045,
        12.655744,
        4
    ),
    (
        200069151,
        'N1001',
        NULL,
        6,
        NULL,
        '919212942',
        '929720261',
        NULL,
        TO_TIMESTAMP(0),
        TO_TIMESTAMP(0),
        'Selvær Skipsekspedisjon, Stongveien 27',
        8742,
        1835,
        'NOR',
        NULL,
        NULL,
        NULL,
        NULL,
        66.584866,
        12.22401,
        4
    ),
    (
        200069359,
        'N680',
        NULL,
        1,
        '929729323',
        '929708768',
        '929708768',
        'BERGS FISK AS',
        TO_TIMESTAMP(0),
        TO_TIMESTAMP(0),
        'Bernt Salvesens vei 31',
        8300,
        1865,
        'NOR',
        NULL,
        NULL,
        NULL,
        NULL,
        68.233381,
        14.57597,
        4
    ),
    (
        200069433,
        'N1113',
        NULL,
        6,
        NULL,
        '919212942',
        '929720261',
        NULL,
        TO_TIMESTAMP(0),
        TO_TIMESTAMP(0),
        'Bolga Mottaksstasjon AS, Sjøveien',
        8158,
        1837,
        'NOR',
        NULL,
        NULL,
        NULL,
        NULL,
        66.800532,
        13.234889,
        4
    ),
    (
        200071330,
        'N2285',
        NULL,
        6,
        NULL,
        '919212942',
        '929720261',
        NULL,
        TO_TIMESTAMP(0),
        TO_TIMESTAMP(0),
        'Sa-Fish AS, Hestøysundet 35',
        8135,
        1838,
        'NOR',
        NULL,
        NULL,
        NULL,
        NULL,
        67.13556,
        13.973944,
        4
    ),
    (
        200071421,
        'VI16',
        NULL,
        1,
        '825359532',
        '925269360',
        '925269360',
        'HVALER-KRABBE AS',
        TO_TIMESTAMP(0),
        TO_TIMESTAMP(0),
        'Greåkerveien 145',
        1718,
        3105,
        'NOR',
        NULL,
        NULL,
        NULL,
        NULL,
        59.2662728,
        11.0321895,
        4
    ),
    (
        200072932,
        'TL42',
        NULL,
        1,
        '926797131',
        '926645641',
        '926645641',
        'HYRA SJØ AS',
        TO_TIMESTAMP(0),
        TO_TIMESTAMP(0),
        'Eidshaugvegen 1650',
        7940,
        5060,
        'NOR',
        NULL,
        NULL,
        NULL,
        NULL,
        64.9321658,
        11.4647306,
        4
    ),
    (
        200076065,
        'M89',
        NULL,
        1,
        '932406519',
        '932397528',
        '932397528',
        'HOPMARK FISK AS',
        TO_TIMESTAMP(0),
        TO_TIMESTAMP(0),
        'Vikan industriområde 98',
        6570,
        1573,
        'NOR',
        NULL,
        NULL,
        NULL,
        NULL,
        63.37595435,
        8.20274552,
        4
    ),
    (
        200076412,
        'TF79',
        NULL,
        6,
        NULL,
        '919356626',
        '971910747',
        NULL,
        TO_TIMESTAMP(0),
        TO_TIMESTAMP(0),
        'Smalfjordveien 114',
        9841,
        5628,
        'NOR',
        NULL,
        NULL,
        NULL,
        NULL,
        70.44036798,
        28.06096522,
        4
    ),
    (
        200077451,
        'N991',
        NULL,
        6,
        NULL,
        '919212942',
        '929720261',
        NULL,
        TO_TIMESTAMP(0),
        TO_TIMESTAMP(0),
        'Slenesveien 5',
        8762,
        1834,
        'NOR',
        NULL,
        NULL,
        NULL,
        NULL,
        66.36173715,
        12.61141304,
        4
    ),
    (
        200077568,
        'F242',
        NULL,
        1,
        '931617168',
        '931519778',
        '931519778',
        'NORTH CAPE FOOD AS AVD GJESVÆR',
        TO_TIMESTAMP(0),
        TO_TIMESTAMP(0),
        'Kobbenesvegen 4',
        9765,
        5620,
        'NOR',
        NULL,
        NULL,
        NULL,
        NULL,
        71.0988155718,
        25.3925400522,
        4
    ),
    (
        200078640,
        'VF242',
        NULL,
        1,
        '933169081',
        '933118819',
        '933118819',
        'FÆRDER FISKEMOTTAK AS',
        TO_TIMESTAMP(0),
        TO_TIMESTAMP(0),
        'Tenvikveien 373',
        3140,
        3911,
        'NOR',
        NULL,
        NULL,
        NULL,
        NULL,
        59.1763,
        10.364,
        4
    ),
    (
        200080893,
        'N1412',
        NULL,
        2,
        NULL,
        '933595188',
        '974787490',
        NULL,
        TO_TIMESTAMP(0),
        TO_TIMESTAMP(0),
        NULL,
        NULL,
        1820,
        'NOR',
        NULL,
        NULL,
        NULL,
        NULL,
        66.0217982215,
        12.6287198067,
        4
    ),
    (
        200081354,
        'M2158',
        NULL,
        5,
        NULL,
        '920601782',
        '920676871',
        NULL,
        TO_TIMESTAMP(0),
        TO_TIMESTAMP(0),
        'Kronborgveien 10',
        6530,
        1554,
        'NOR',
        NULL,
        NULL,
        NULL,
        NULL,
        63.10465,
        7.59676,
        4
    ),
    (
        200081941,
        'f2419',
        NULL,
        2,
        NULL,
        '932332930',
        '932359804',
        NULL,
        TO_TIMESTAMP(0),
        TO_TIMESTAMP(0),
        'Havneveien 24',
        9515,
        5601,
        'NOR',
        NULL,
        NULL,
        NULL,
        NULL,
        69.9776943273,
        23.3320031119,
        4
    ),
    (
        200082113,
        'F2415',
        NULL,
        6,
        NULL,
        '932861941',
        '932881756',
        NULL,
        TO_TIMESTAMP(0),
        TO_TIMESTAMP(0),
        'Langoddveien 54',
        8050,
        1804,
        'NOR',
        NULL,
        NULL,
        NULL,
        NULL,
        67.2965380614,
        14.720737758,
        4
    );

INSERT INTO
    buyer_locations_mapping (delivery_point_id, buyer_location_id, is_manual)
VALUES
    ('A240', 200048551, TRUE),
    ('F242', 200077568, TRUE),
    ('F261', 200065670, TRUE),
    ('H81', 200013357, TRUE),
    ('M158', 200010528, TRUE),
    ('M212', 200011286, TRUE),
    ('M2153', 200026136, TRUE),
    ('M325', 200011559, TRUE),
    ('M359', 200011401, TRUE),
    ('M36', 200029015, TRUE),
    ('M94', 200013498, TRUE),
    ('N1084', 200013803, TRUE),
    ('N1098', 200013928, TRUE),
    ('N1310', 200013092, TRUE),
    ('N2309', 200024917, TRUE),
    ('N2347', 200059087, TRUE),
    ('N680', 200069359, TRUE),
    ('N717', 200014561, TRUE),
    ('N994', 200011344, TRUE),
    ('NT171', 200032357, TRUE),
    ('R107', 200012375, TRUE),
    ('R88', 200010874, TRUE),
    ('R960', 200056323, TRUE),
    ('SF189', 200013696, TRUE),
    ('SF225', 200010361, TRUE),
    ('SF920', 200050144, TRUE),
    ('ST343', 200010759, TRUE),
    ('ST460', 200012953, TRUE),
    ('ST490', 200011716, TRUE),
    ('ST72', 200011799, TRUE),
    ('ST845', 200066207, TRUE),
    ('T1079', 200027266, TRUE),
    ('TF26', 200027969, TRUE),
    ('TL25', 200059905, TRUE),
    ('TL42', 200072932, TRUE),
    ('VF242', 200078640, TRUE),
    ('VI16', 200071421, TRUE),
    ('SF104', 200013712, TRUE),
    ('f2419', 200081941, TRUE),
    ('N288', 200010015, TRUE),
    ('2091', 200010668, TRUE),
    ('M666', 200029973, TRUE),
    ('F2415', 200082113, TRUE),
    ('M2158', 200081354, TRUE),
    ('M2186', 200060879, TRUE),
    ('M360', 200031599, TRUE),
    ('M89', 200076065, TRUE),
    ('N1001', 200069151, TRUE),
    ('N1003', 200069144, TRUE),
    ('N1113', 200069433, TRUE),
    ('N1412', 200080893, TRUE),
    ('N2186', 200044386, TRUE),
    ('N2285', 200071330, TRUE),
    ('R150', 200014900, TRUE),
    ('TF79', 200076412, TRUE),
    ('N991', 200077451, TRUE)
ON CONFLICT DO NOTHING;
